<?xml version="1.0" encoding="UTF-8"?>
<project-private xmlns="http://www.netbeans.org/ns/project-private/1">
    <editor-bookmarks xmlns="http://www.netbeans.org/ns/editor-bookmarks/2" lastBookmarkId="0"/>
    <open-files xmlns="http://www.netbeans.org/ns/projectui-open-files/2">
        <group>
            <file>file:/C:/Users/shaun%20chaos/Documents/NetBeansProjects/DIS/public_html/Sign%20up.html</file>
            <file>file:/C:/Users/shaun%20chaos/Documents/NetBeansProjects/DIS/public_html/Our%20Work.html</file>
            <file>file:/C:/Users/shaun%20chaos/Documents/NetBeansProjects/DIS/public_html/Homepage.html</file>
            <file>file:/C:/Users/shaun%20chaos/Documents/NetBeansProjects/DIS/public_html/Involve%20Us.html</file>
            <file>file:/C:/Users/shaun%20chaos/Documents/NetBeansProjects/DIS/public_html/Contact%20us.html</file>
            <file>file:/C:/Users/shaun%20chaos/Documents/NetBeansProjects/DIS/public_html/Gallery.html</file>
            <file>file:/C:/Users/shaun%20chaos/Documents/NetBeansProjects/DIS/public_html/About.html</file>
            <file>file:/C:/Users/shaun%20chaos/Documents/NetBeansProjects/DIS/public_html/Options.html</file>
        </group>
    </open-files>
</project-private>
