<?xml version="1.0" encoding="UTF-8"?>
<project-private xmlns="http://www.netbeans.org/ns/project-private/1">
    <editor-bookmarks xmlns="http://www.netbeans.org/ns/editor-bookmarks/2" lastBookmarkId="0"/>
    <open-files xmlns="http://www.netbeans.org/ns/projectui-open-files/2">
        <group>
            <file>file:/C:/Users/shaun/OneDrive/Documents/NetBeansProjects/POE%20part%202/POE%20part%203/test/poe1/pkg0/POE10Test.java</file>
            <file>file:/C:/Users/shaun/OneDrive/Documents/NetBeansProjects/POE%20part%202/POE%20part%203/src/poe1/pkg0/Login.java</file>
            <file>file:/C:/Users/shaun/OneDrive/Documents/NetBeansProjects/POE%20part%202/POE%20part%203/src/poe1/pkg0/EasyKanban.java</file>
            <file>file:/C:/Users/shaun/OneDrive/Documents/NetBeansProjects/POE%20part%202/POE%20part%203/src/poe1/pkg0/POE10.java</file>
        </group>
    </open-files>
</project-private>
