<?xml version="1.0" encoding="UTF-8"?>
<project-private xmlns="http://www.netbeans.org/ns/project-private/1">
    <editor-bookmarks xmlns="http://www.netbeans.org/ns/editor-bookmarks/2" lastBookmarkId="0"/>
    <open-files xmlns="http://www.netbeans.org/ns/projectui-open-files/2">
        <group>
            <file>file:/C:/Users/shaun%20chaos/Documents/NetBeansProjects/Asignment1/test/asignment1/Asignment1IT.java</file>
            <file>file:/C:/Users/shaun%20chaos/Documents/NetBeansProjects/Asignment1/src/asignment1/Asignment1.java</file>
            <file>file:/C:/Users/shaun%20chaos/Documents/NetBeansProjects/Asignment1/src/asignment1/StudentInfo.java</file>
        </group>
    </open-files>
</project-private>
